{
  "usuarios": [
    {
      "id": "1",
      "usuario": "Juanpe",
      "email": "juan.pedro.bernal@iesmartinezm.es",
      "foto": "https://avatars.githubusercontent.com/u/144746228?v=4"
    },
    {
      "id": "2",
      "usuario": "Eliseo",
      "email": "eliseo.molero@iesmartinezm.es",
      "foto": "https://cdn.pixabay.com/photo/2019/05/02/19/16/roman-4174331_1280.jpg"
    },
    {
      "id": "3",
      "usuario": "Daniel",
      "email": "daniel.vidal@iesmartinezm.es",
      "foto": "https://cdn.pixabay.com/photo/2023/10/21/14/05/man-8331499_1280.png"
    }
  ],
  "heroes": [
    {
      "id": "batman",
      "superhero": "Batman",
      "publisher": "DC Comics",
      "alter_ego": "Bruce Wayne",
      "first_appearance": "Detective Comics #27",
      "date": "30/03/1939"
    },
    {
      "id": "superman",
      "superhero": "Superman",
      "publisher": "DC Comics",
      "alter_ego": "Klark Ken",
      "first_appearance": "Action Comics #1",
      "date": "18/04/1938"
    },
    {
      "id": "spider-man",
      "superhero": "Spider-Man",
      "publisher": "Marvel Comics",
      "alter_ego": "Peter Parker",
      "first_appearance": "Amazing Fantasy #15",
      "date": "08/08/1962"
    },
    {
      "id": "hulk",
      "superhero": "Hulk",
      "publisher": "Marvel º",
      "alter_ego": "Bruce Banner",
      "first_appearance": "Marvel Cinematic Universe",
      "date": "30/05/1962"
    }
  ]
}